success,score,actions,agent_type,size,wumpus_count,pit_density
False,-1028,28,Logic,15,1,0.1
True,627,375,Logic,15,1,0.1
False,-1001,1,Logic,15,1,0.1
False,-1008,8,Logic,15,1,0.1
True,694,308,Logic,15,1,0.1
True,979,23,Logic,15,1,0.1
False,-1353,353,Logic,15,1,0.1
False,-1020,20,Logic,15,1,0.1
True,899,103,Logic,15,1,0.1
True,947,55,Logic,15,1,0.1
True,901,101,Logic,15,1,0.1
False,-1104,104,Logic,15,1,0.1
True,775,227,Logic,15,1,0.1
True,932,70,Logic,15,1,0.1
True,649,353,Logic,15,1,0.1
True,822,180,Logic,15,1,0.1
False,-1012,12,Logic,15,1,0.1
True,928,74,Logic,15,1,0.1
True,918,84,Logic,15,1,0.1
True,622,380,Logic,15,1,0.1
False,-1014,14,Logic,15,1,0.2
False,-1014,14,Logic,15,1,0.2
False,-1031,31,Logic,15,1,0.2
False,-1013,13,Logic,15,1,0.2
True,857,145,Logic,15,1,0.2
False,-1035,35,Logic,15,1,0.2
False,-1012,12,Logic,15,1,0.2
False,-1142,142,Logic,15,1,0.2
False,-1127,127,Logic,15,1,0.2
False,-1011,11,Logic,15,1,0.2
False,-1227,227,Logic,15,1,0.2
False,-1178,178,Logic,15,1,0.2
True,908,94,Logic,15,1,0.2
False,-1254,245,Logic,15,1,0.2
False,-1159,159,Logic,15,1,0.2
False,-1008,8,Logic,15,1,0.2
False,-1021,21,Logic,15,1,0.2
False,-1081,81,Logic,15,1,0.2
False,-1009,9,Logic,15,1,0.2
False,-1102,102,Logic,15,1,0.2
False,-1008,8,Logic,15,1,0.3
False,-1053,53,Logic,15,1,0.3
False,-1039,39,Logic,15,1,0.3
False,-1002,2,Logic,15,1,0.3
False,-1001,1,Logic,15,1,0.3
False,-1038,38,Logic,15,1,0.3
False,-1092,92,Logic,15,1,0.3
False,-1001,1,Logic,15,1,0.3
False,-1019,19,Logic,15,1,0.3
False,-1017,17,Logic,15,1,0.3
False,-1033,33,Logic,15,1,0.3
False,-1015,15,Logic,15,1,0.3
False,-1018,18,Logic,15,1,0.3
False,-1010,10,Logic,15,1,0.3
True,938,64,Logic,15,1,0.3
False,-1002,2,Logic,15,1,0.3
False,-1008,8,Logic,15,1,0.3
False,-1010,10,Logic,15,1,0.3
False,-1017,17,Logic,15,1,0.3
False,-1101,101,Logic,15,1,0.3
True,948,54,Logic,15,2,0.1
False,-1160,160,Logic,15,2,0.1
True,788,214,Logic,15,2,0.1
False,-1049,49,Logic,15,2,0.1
True,895,107,Logic,15,2,0.1
True,971,31,Logic,15,2,0.1
False,-1038,38,Logic,15,2,0.1
False,-1394,386,Logic,15,2,0.1
True,821,181,Logic,15,2,0.1
False,-1015,15,Logic,15,2,0.1
True,973,29,Logic,15,2,0.1
False,-1322,322,Logic,15,2,0.1
True,929,73,Logic,15,2,0.1
False,-1132,123,Logic,15,2,0.1
True,970,32,Logic,15,2,0.1
True,634,368,Logic,15,2,0.1
False,-1007,7,Logic,15,2,0.1
False,-1070,61,Logic,15,2,0.1
False,-1008,8,Logic,15,2,0.1
False,-1034,34,Logic,15,2,0.1
False,-1048,48,Logic,15,2,0.2
False,-1008,8,Logic,15,2,0.2
False,-1007,7,Logic,15,2,0.2
False,-1008,8,Logic,15,2,0.2
False,-1002,2,Logic,15,2,0.2
False,-1259,251,Logic,15,2,0.2
False,-1022,22,Logic,15,2,0.2
False,-1002,2,Logic,15,2,0.2
False,-1002,2,Logic,15,2,0.2
True,947,55,Logic,15,2,0.2
False,-1012,12,Logic,15,2,0.2
True,995,7,Logic,15,2,0.2
False,-1041,41,Logic,15,2,0.2
False,-1012,12,Logic,15,2,0.2
False,-1006,6,Logic,15,2,0.2
True,971,31,Logic,15,2,0.2
False,-1008,8,Logic,15,2,0.2
False,-1008,8,Logic,15,2,0.2
False,-1008,8,Logic,15,2,0.2
False,-1040,40,Logic,15,2,0.2
False,-1045,45,Logic,15,2,0.3
False,-1008,8,Logic,15,2,0.3
False,-1008,8,Logic,15,2,0.3
False,-1008,8,Logic,15,2,0.3
False,-1018,18,Logic,15,2,0.3
False,-1062,62,Logic,15,2,0.3
False,-1002,2,Logic,15,2,0.3
False,-1037,37,Logic,15,2,0.3
False,-1008,8,Logic,15,2,0.3
False,-1025,25,Logic,15,2,0.3
False,-1001,1,Logic,15,2,0.3
False,-1015,15,Logic,15,2,0.3
False,-1019,19,Logic,15,2,0.3
False,-1001,1,Logic,15,2,0.3
False,-1002,2,Logic,15,2,0.3
False,-1053,53,Logic,15,2,0.3
False,-1008,8,Logic,15,2,0.3
False,-1071,71,Logic,15,2,0.3
False,-1041,41,Logic,15,2,0.3
False,-1010,10,Logic,15,2,0.3
False,-1329,321,Logic,15,3,0.1
True,880,122,Logic,15,3,0.1
True,785,217,Logic,15,3,0.1
False,-1351,351,Logic,15,3,0.1
True,822,180,Logic,15,3,0.1
False,-1015,15,Logic,15,3,0.1
False,-1007,7,Logic,15,3,0.1
False,-1225,225,Logic,15,3,0.1
False,-1164,164,Logic,15,3,0.1
True,686,316,Logic,15,3,0.1
False,-1258,250,Logic,15,3,0.1
True,657,345,Logic,15,3,0.1
True,838,164,Logic,15,3,0.1
True,988,14,Logic,15,3,0.1
True,857,145,Logic,15,3,0.1
False,-1307,307,Logic,15,3,0.1
True,881,121,Logic,15,3,0.1
False,-1436,436,Logic,15,3,0.1
True,759,243,Logic,15,3,0.1
True,895,107,Logic,15,3,0.1
False,-1013,13,Logic,15,3,0.2
False,-1007,7,Logic,15,3,0.2
False,-1014,14,Logic,15,3,0.2
False,-1013,13,Logic,15,3,0.2
False,-1013,13,Logic,15,3,0.2
False,-1073,64,Logic,15,3,0.2
False,-1048,48,Logic,15,3,0.2
False,-1036,36,Logic,15,3,0.2
False,-1002,2,Logic,15,3,0.2
False,-1002,2,Logic,15,3,0.2
False,-1002,2,Logic,15,3,0.2
False,-1001,1,Logic,15,3,0.2
False,-1021,21,Logic,15,3,0.2
False,-1002,2,Logic,15,3,0.2
False,-1008,8,Logic,15,3,0.2
False,-1241,242,Logic,15,3,0.2
False,-1111,111,Logic,15,3,0.2
True,885,117,Logic,15,3,0.2
True,987,15,Logic,15,3,0.2
False,-1036,36,Logic,15,3,0.2
False,-1008,8,Logic,15,3,0.3
False,-1045,45,Logic,15,3,0.3
False,-1002,2,Logic,15,3,0.3
False,-1021,21,Logic,15,3,0.3
False,-1078,78,Logic,15,3,0.3
True,967,35,Logic,15,3,0.3
False,-1010,10,Logic,15,3,0.3
False,-1025,25,Logic,15,3,0.3
True,996,6,Logic,15,3,0.3
False,-1019,19,Logic,15,3,0.3
False,-1025,25,Logic,15,3,0.3
True,994,8,Logic,15,3,0.3
False,-1011,11,Logic,15,3,0.3
False,-1028,28,Logic,15,3,0.3
False,-1032,32,Logic,15,3,0.3
False,-1021,21,Logic,15,3,0.3
False,-1008,8,Logic,15,3,0.3
False,-1031,31,Logic,15,3,0.3
False,-1012,12,Logic,15,3,0.3
False,-1011,11,Logic,15,3,0.3
